Month,Sales
2016-01,2624.2400000000002
2016-02,3391.9500000000003
2016-03,5319.639999999999
2016-04,7669.29
2016-05,1631.55
2016-06,2951.2799999999997
2016-07,4345.08
2016-08,1452.1299999999999
2016-09,6919.530000000001
2016-10,3845.27
2016-11,4264.77
2016-12,4064.35
